Model,SHAP_LIME_Correlation,P_Value
Baseline,0.8234321842876487,2.2984475759307954e-08
Defended,0.8762313411598975,2.239462985036148e-10
